timestamp,track_id,name,shirt_color,pants_color,confidence
2026-10-08 12:09:12,1,unknown,gray,black,0.85
2026-10-08 12:09:12,2,unknown,black,black,0.77
2026-10-08 12:09:24,3,unknown,gray,black,0.42
2026-10-08 12:10:19,6,unknown,black,black,0.94
2026-10-08 12:10:28,7,unknown,black,black,0.91
2026-10-08 12:10:38,8,unknown,black,black,0.92
2026-10-08 12:10:38,9,Oung,black,green,0.82
2026-10-08 12:10:45,10,Oung,black,black,0.79
2026-10-08 12:11:24,11,unknown,black,black,0.89
2026-10-08 12:11:55,13,unknown,gray,gray,0.92
2026-10-08 12:11:56,14,unknown,gray,gray,0.90
2026-10-08 12:12:03,15,Oung,black,green,0.93
2026-10-08 12:12:03,16,unknown,black,black,0.91
2026-10-08 12:12:04,17,unknown,black,green,0.80
2026-10-08 12:12:17,18,unknown,black,black,0.92
2026-10-08 12:12:17,19,Oung,green,black,0.92
2026-10-08 12:12:17,20,unknown,black,black,0.90
2026-10-08 12:12:29,21,Oung,gray,green,0.92
2026-10-08 12:12:29,22,unknown,black,black,0.91
2026-10-08 12:12:29,23,unknown,black,black,0.87
2026-10-08 12:12:38,24,unknown,black,black,0.89
2026-10-08 12:14:54,25,unknown,black,black,0.92
2026-10-08 12:14:54,26,Oung,gray,black,0.92
2026-10-08 12:14:54,27,unknown,black,black,0.91
2026-10-08 12:15:13,28,unknown,black,black,0.93
2026-10-08 12:15:13,29,Oung,green,black,0.90
2026-10-08 12:15:13,30,unknown,black,black,0.73
2026-10-08 12:15:43,31,unknown,black,black,0.94
2026-10-08 12:15:43,32,Oung,gray,green,0.94
2026-10-08 12:15:43,33,unknown,black,black,0.80
2026-10-08 12:16:08,34,unknown,black,black,0.93
2026-10-08 12:16:10,35,Oung,gray,green,0.92
2026-10-08 12:16:10,36,unknown,black,black,0.90
2026-10-08 12:18:58,1,unknown,gray,black,0.92
2026-10-08 12:19:16,3,Oung,gray,green,0.85
2026-10-08 12:19:44,5,unknown,gray,black,0.95
2026-10-08 12:19:45,7,unknown,gray,green,0.92
2026-10-08 12:21:36,1,Arm,gray,black,0.93
2026-10-08 12:21:36,2,Oung,gray,green,0.93
2026-10-08 12:21:36,3,unknown,black,black,0.87
2026-10-08 12:21:39,5,unknown,black,black,0.72
2026-10-08 12:21:45,7,unknown,black,black,0.88
2026-10-08 12:21:45,6,Oung,black,black,0.82
2026-10-08 12:22:38,8,unknown,black,black,0.93
2026-10-08 12:22:42,9,unknown,black,black,0.86
2026-10-08 12:22:46,10,Arm,gray,black,0.84
2026-10-08 12:22:59,15,unknown,black,black,0.49
2026-10-08 12:23:59,19,unknown,black,black,0.90
2026-10-08 12:24:03,21,unknown,black,black,0.93
2026-10-08 12:24:15,22,Oung,black,black,0.81
2026-10-08 12:25:51,29,unknown,black,black,0.76
2026-10-08 12:26:01,30,unknown,black,black,0.74
2026-10-08 12:26:21,31,unknown,gray,black,0.64
2026-10-08 12:26:32,33,unknown,black,black,0.65
2026-10-08 12:27:27,35,unknown,black,black,0.78
2026-10-08 12:27:41,36,Oung,gray,black,0.75
2026-10-08 12:28:10,38,unknown,black,black,0.75
2026-10-08 12:28:55,39,unknown,gray,black,0.75
2026-10-08 12:29:12,40,unknown,gray,black,0.71
2026-10-08 12:29:29,41,unknown,black,black,0.86
2026-10-08 12:31:25,43,unknown,black,black,0.57
2026-10-08 12:31:33,44,unknown,black,black,0.73
2026-10-08 12:31:51,46,unknown,black,black,0.88
2026-10-08 12:52:24,1,unknown,black,black,0.95
2026-10-08 12:52:27,3,unknown,black,black,0.91
2026-10-08 12:52:27,4,unknown,black,black,0.80
2026-10-08 12:52:35,5,Arm,black,black,0.91
2026-10-08 12:52:40,8,Arm,black,black,0.52
2026-10-08 12:52:40,6,unknown,black,black,0.88
2026-10-08 12:52:43,9,Oung,black,black,0.44
2026-10-08 12:52:52,11,unknown,black,black,0.93
2026-10-08 12:53:11,17,unknown,black,black,0.92
2026-10-08 12:53:18,18,unknown,gray,black,0.92
2026-10-08 12:53:25,20,unknown,black,black,0.82
2026-10-08 12:53:29,21,unknown,black,black,0.81
2026-10-08 12:53:40,22,unknown,black,black,0.91
2026-10-08 12:53:45,23,unknown,black,black,0.79
2026-10-08 12:53:48,25,unknown,black,black,0.86
2026-10-08 12:54:07,26,unknown,black,black,0.93
2026-10-08 12:54:42,37,unknown,black,black,0.57
2026-10-08 12:54:46,41,unknown,black,black,0.91
2026-10-08 12:54:51,49,unknown,gray,green,0.80
2026-10-08 12:55:12,54,unknown,black,black,0.90
2026-10-08 12:55:12,55,Oung,green,black,0.90
2026-10-08 12:55:13,56,unknown,black,black,0.85
2026-10-08 12:55:23,59,unknown,black,black,0.93
2026-10-08 12:55:27,60,unknown,black,black,0.88
2026-10-08 12:55:38,61,unknown,black,black,0.77
2026-10-08 12:55:40,62,unknown,black,black,0.61
2026-10-08 12:55:42,63,unknown,black,black,0.90
2026-10-08 12:55:45,64,unknown,black,black,0.89
2026-10-08 12:55:49,65,Oung,gray,green,0.82
2026-10-08 12:55:53,68,unknown,black,black,0.90
2026-10-08 12:55:55,69,unknown,black,black,0.92
